Subject,Sequence,ML Score,MERCI Score (+ve),MERCI Score (-ve),Hybrid Score,Prediction,PPV
Seq_1,RMKMMKSHMSRMSR,0.245,0,0.0,0.245,Non-Toxin,0.164
Seq_2,TMRYSRKSVVSKVSR,0.205,0,0.0,0.205,Non-Toxin,0.111
Seq_3,GRSPSRKSVVSKVMR,0.255,0,0.0,0.255,Non-Toxin,0.177
Seq_4,IMRYHRKSMVSKVSR,0.265,0,0.0,0.265,Non-Toxin,0.19
Seq_5,YRSYSRKSVVSKVMR,0.24,0,0.0,0.24,Non-Toxin,0.157
Seq_6,MTMRYSRKSHVSKVSR,0.16,0,0.0,0.16,Non-Toxin,0.053
Seq_7,MSRYPSRKSHMSKMSR,0.21,0,0.0,0.21,Non-Toxin,0.118
Seq_8,TMRYGRKTMVSKVSR,0.215,0,0.0,0.215,Non-Toxin,0.124
Seq_9,RYKMVKSHMSKMSR,0.25,0,0.0,0.25,Non-Toxin,0.17
Seq_10,RYPRMKSMMSKTSR,0.15,0,0.0,0.15,Non-Toxin,0.039
Seq_11,SRYPSRKSQMSKMSR,0.205,0,0.0,0.205,Non-Toxin,0.111
Seq_12,TRYMRKTMVSKVSR,0.17,0,0.0,0.17,Non-Toxin,0.066
Seq_13,RRSIRMQAMMSTSRR,0.19,0,-0.5,0.0,Non-Toxin,0.0
Seq_14,TMRYVRKQVVSKVSR,0.225,0,0.0,0.225,Non-Toxin,0.137
Seq_15,TRYSRKSVVSKVMR,0.21,0,0.0,0.21,Non-Toxin,0.118
Seq_16,RYPSRKSHMSKMSR,0.195,0,0.0,0.195,Non-Toxin,0.098
Seq_17,MRTSRKSVLSKVSR,0.205,0,-0.5,0.0,Non-Toxin,0.0
Seq_18,RYMSRKSQSKMSR,0.16,0,0.0,0.16,Non-Toxin,0.053
Seq_19,KMRYGRKGMVQKVSR,0.31,0,0.0,0.31,Non-Toxin,0.249
Seq_20,IRRPSRKSHMSKMSR,0.27,0,0.0,0.27,Non-Toxin,0.196
Seq_21,MSRYGSRKSHMVKMQR,0.275,0,-0.5,0.0,Non-Toxin,0.0
Seq_22,QRRSIRMQAMMNSSRR,0.14,0,-0.5,0.0,Non-Toxin,0.0
Seq_23,RYWRMKSMMSKTSR,0.205,0,0.0,0.205,Non-Toxin,0.111
Seq_24,TKRYSSKSVVSKVSRR,0.32,0,0.0,0.32,Non-Toxin,0.262
Seq_25,TMRSVRKQAVSKVSR,0.21,0,0.0,0.21,Non-Toxin,0.118
Seq_26,NPMRYSRKSVFSKVSR,0.225,0,0.0,0.225,Non-Toxin,0.137
Seq_27,RYPSRKVMSKGSR,0.305,0,0.0,0.305,Non-Toxin,0.242
Seq_28,TMSRYPSRKVHMSKYSR,0.2,0,0.0,0.2,Non-Toxin,0.105
Seq_29,MRRSIRMQAMMSKTSR,0.185,0,-0.5,0.0,Non-Toxin,0.0
Seq_30,MRYSRKSAVGKVSR,0.29,0,-0.5,0.0,Non-Toxin,0.0
Seq_31,ARYPSRKSHMSKVSR,0.175,0,0.0,0.175,Non-Toxin,0.072
Seq_32,MRRGIRMQMMMSKTQR,0.2,0,-0.5,0.0,Non-Toxin,0.0
Seq_33,MRQSRKSVVGKVSR,0.305,0,-0.5,0.0,Non-Toxin,0.0
Seq_34,SRYPSRKSQVYKMSR,0.215,0,0.0,0.215,Non-Toxin,0.124
Seq_35,RYMSMKRQSKMMR,0.25,0,0.0,0.25,Non-Toxin,0.17
Seq_36,YRSGSRKSVVRKVR,0.32,0,0.0,0.32,Non-Toxin,0.262
Seq_37,RRSIRQYMMSSRR,0.23,0,0.0,0.23,Non-Toxin,0.144
Seq_38,VRYKMVKSHMSKMR,0.225,0,0.0,0.225,Non-Toxin,0.137
Seq_39,MRTSRKSVASKVSR,0.135,0,0.0,0.135,Non-Toxin,0.02
Seq_40,VTMRYSRKSIVSKVSRS,0.21,0,-0.5,0.0,Non-Toxin,0.0
Seq_41,RQSRKSVPSKVSR,0.305,0,0.0,0.305,Non-Toxin,0.242
Seq_42,RYKMVKSRMSNMNR,0.17,0,0.0,0.17,Non-Toxin,0.066
Seq_43,KSRYPSLKSQMSKMSRR,0.22,0,0.0,0.22,Non-Toxin,0.131
Seq_44,PMSRYPSRKRHMSMSR,0.205,0,0.0,0.205,Non-Toxin,0.111
Seq_45,RYPVHKSMMSKKSR,0.265,0,0.0,0.265,Non-Toxin,0.19
Seq_46,TMRNVRKQVHSKVSR,0.205,0,0.0,0.205,Non-Toxin,0.111
Seq_47,YRSYRSSVVSKKMR,0.23,0,0.0,0.23,Non-Toxin,0.144
Seq_48,IMRAHRASMVKKVSR,0.275,0,0.0,0.275,Non-Toxin,0.203
Seq_49,RKMVRSHMSKMSRQ,0.26,0,0.0,0.26,Non-Toxin,0.183
Seq_50,IRYGVRKSMHMTKTSR,0.13,0,0.0,0.13,Non-Toxin,0.013
