N°,Nome,Sequência,AMP,Gram-Positivo,Gram-Negativo,Vírus,Câncer,Fungos,Mamíferos
0,Sequence_1,RMKMMKSHMSRMSR,85.27,82.55,49.03,85.74,81.72,80.9,98.15
1,Sequence_2,TMRYSRKSVVSKVSR,99.5,95.75,55.2,86.68,92.94,36.83,20.42
2,Sequence_3,GRSPSRKSVVSKVMR,97.53,96.29,90.65,93.72,31.94,73.04,16.27
3,Sequence_4,IMRYHRKSMVSKVSR,99.23,33.23,17.39,95.8,74.71,65.44,22.63
4,Sequence_5,YRSYSRKSVVSKVMR,98.15,96.04,61.16,92.65,27.7,87.42,10.97
5,Sequence_6,MTMRYSRKSHVSKVSR,91.97,86.36,39.82,85.31,40.77,72.34,14.93
6,Sequence_7,MSRYPSRKSHMSKMSR,87.52,89.81,78.25,62.77,55.84,79.58,58.32
7,Sequence_8,TMRYGRKTMVSKVSR,99.84,90.94,70.77,99.92,91.71,21.55,22.24
8,Sequence_9,RYKMVKSHMSKMSR,94.72,94.08,78.17,95.13,58.23,66.21,81.74
9,Sequence_10,RYPRMKSMMSKTSR,78.46,89.87,80.04,93.37,48.04,96.0,67.68
10,Sequence_11,SRYPSRKSQMSKMSR,82.98,77.45,67.69,96.83,62.28,95.2,46.54
11,Sequence_12,TRYMRKTMVSKVSR,99.54,87.21,25.87,99.44,91.71,18.43,48.06
12,Sequence_13,RRSIRMQAMMSTSRR,92.76,2.98,5.73,88.34,36.92,43.01,19.52
13,Sequence_14,TMRYVRKQVVSKVSR,99.55,68.7,63.48,99.3,82.98,68.2,81.62
14,Sequence_15,TRYSRKSVVSKVMR,99.0,94.28,49.56,87.3,44.49,59.96,5.25
15,Sequence_16,RYPSRKSHMSKMSR,95.65,87.09,70.5,11.94,51.45,87.47,33.2
16,Sequence_17,MRTSRKSVLSKVSR,96.78,99.34,67.78,95.88,79.91,95.64,40.15
17,Sequence_18,RYMSRKSQSKMSR,95.44,80.46,45.51,86.25,95.9,44.5,99.48
18,Sequence_19,KMRYGRKGMVQKVSR,99.69,99.0,53.7,99.21,61.79,58.16,36.61
19,Sequence_20,IRRPSRKSHMSKMSR,96.6,91.44,78.54,24.92,36.57,65.73,60.37
20,Sequence_21,MSRYGSRKSHMVKMQR,92.79,46.18,24.75,43.22,75.97,71.3,26.23
21,Sequence_22,QRRSIRMQAMMNSSRR,92.14,10.38,8.6,71.65,98.45,81.21,10.12
22,Sequence_23,RYWRMKSMMSKTSR,95.29,91.85,54.27,98.18,53.47,93.82,24.4
23,Sequence_24,TKRYSSKSVVSKVSRR,99.91,99.15,77.49,74.27,98.98,48.9,53.96
24,Sequence_25,TMRSVRKQAVSKVSR,99.47,95.81,70.23,99.52,93.84,78.09,62.62
25,Sequence_26,NPMRYSRKSVFSKVSR,98.93,95.76,76.61,1.07,72.13,44.36,4.44
26,Sequence_27,RYPSRKVMSKGSR,99.0,99.82,97.44,84.77,45.28,78.22,97.84
27,Sequence_28,TMSRYPSRKVHMSKYSR,96.05,74.94,72.06,57.06,34.76,77.42,35.29
28,Sequence_29,MRRSIRMQAMMSKTSR,86.21,44.75,26.69,87.86,80.48,50.11,85.92
29,Sequence_30,MRYSRKSAVGKVSR,99.43,96.31,59.13,94.89,73.29,57.64,8.47
30,Sequence_31,ARYPSRKSHMSKVSR,95.95,84.19,46.68,66.52,40.96,0.6,20.8
31,Sequence_32,MRRGIRMQMMMSKTQR,98.45,25.65,36.66,83.62,86.68,79.04,58.43
32,Sequence_33,MRQSRKSVVGKVSR,98.2,50.68,29.63,95.51,97.53,40.06,89.36
33,Sequence_34,SRYPSRKSQVYKMSR,97.73,93.27,51.15,94.31,73.4,60.01,40.84
34,Sequence_35,RYMSMKRQSKMMR,97.36,29.83,21.31,97.48,77.98,92.6,95.98
35,Sequence_36,YRSGSRKSVVRKVR,99.79,99.13,95.57,97.85,89.89,97.9,47.86
36,Sequence_37,RRSIRQYMMSSRR,94.09,53.05,10.43,93.19,98.45,56.41,99.41
37,Sequence_38,VRYKMVKSHMSKMR,96.6,47.1,26.72,96.76,41.67,83.86,44.69
38,Sequence_39,MRTSRKSVASKVSR,97.23,99.25,68.8,93.77,91.25,83.48,1.64
39,Sequence_40,VTMRYSRKSIVSKVSRS,99.43,87.75,47.57,84.25,22.11,23.46,13.02
40,Sequence_41,RQSRKSVPSKVSR,99.91,88.42,55.76,78.1,98.64,21.54,95.44
41,Sequence_42,RYKMVKSRMSNMNR,98.32,67.72,15.44,99.55,79.27,86.94,35.49
42,Sequence_43,KSRYPSLKSQMSKMSRR,66.5,70.36,76.7,70.77,64.93,80.41,65.11
43,Sequence_44,PMSRYPSRKRHMSMSR,97.7,12.05,8.3,8.2,55.84,37.29,2.95
44,Sequence_45,RYPVHKSMMSKKSR,93.51,89.95,58.37,68.83,10.52,98.66,20.53
45,Sequence_46,TMRNVRKQVHSKVSR,98.07,52.0,60.3,99.49,86.25,89.76,20.21
46,Sequence_47,YRSYRSSVVSKKMR,99.41,95.36,81.94,99.58,93.14,93.33,7.36
47,Sequence_48,IMRAHRASMVKKVSR,99.93,21.51,3.1,98.15,58.97,73.39,6.65
48,Sequence_49,RKMVRSHMSKMSRQ,98.13,83.16,72.59,85.17,93.75,82.12,99.86
49,Sequence_50,IRYGVRKSMHMTKTSR,98.53,68.4,63.33,91.92,85.81,55.56,99.09
