Name,AMP Probability,Sequence
Sequence_1,0.0818591730598155,TNIWKKMIIISQKKTIR
Sequence_2,0.0789581353922832,ISIKKTVSSKKKTIH
Sequence_3,0.0480817397109382,TSIHKKMIIISQKKTIR
Sequence_4,0.0360383333651068,NSIKKTLRIIHQKKTQ
Sequence_5,0.0229557778276155,RIHKWNIIISKKKTIR
Sequence_6,0.0360612865311867,NNIWKIRRIISQKKTIQ
Sequence_7,0.0360842277521288,INNIWKKRIISQKKTIQ
Sequence_8,0.0657264206755974,VIIHKKMLIHSQKKTIR
Sequence_9,0.1095565378854391,TIIIKKRINSIKKNIW
Sequence_10,0.0498869353819716,RSIAKKMLIISQKKTQ
Sequence_11,0.1365987593496315,RIHKKIIIISQKKTIR
Sequence_12,0.0360338174899399,INKIAKIRIISQKKTIQ
Sequence_13,0.0642328515114841,INIKKTVSSKKKTII
Sequence_14,0.1534546270784634,VIIHKKIIHKQKKTIR
Sequence_15,0.1201356112882152,TIIHKKRIISIKKNIR
Sequence_16,0.0358246339357238,NNIWKKMRIISQKKTIQ
Sequence_17,0.0392387410396376,NSIKKTRIISHKKTIV
Sequence_18,0.0876977510656991,INIKKTVSSKKKIII
Sequence_19,0.0355404616902412,NSIQKKMRIISQKKTIQ
Sequence_20,0.0388367742235092,YIKKILSIIRQKKTQ
Sequence_21,0.0734525772824655,VIIFKKMTIHSQKKTIRR
Sequence_22,0.1006928392244351,ISIKKTLSIIRQKKTH
Sequence_23,0.0354264164291606,SIHKKMRIISQKKTIQ
Sequence_24,0.0374975845679017,NSIKKTLSIIRQKKTQ
Sequence_25,0.0575289478241263,TNIFKKMTIISQKKTIRR
Sequence_26,0.1835762871746876,IRSGAKKMLIISQKKTQ
Sequence_27,0.0390313789504154,TIIHKKRIISQKKNIN
Sequence_28,0.0316734088625043,NSIQKKMRISSMKKTVQ
Sequence_29,0.0525082563932151,SIIHKKMLIHYQKKTIRV
Sequence_30,0.0813109671770854,INIKKTVVSKKKITIM
Sequence_31,0.0359971432622125,NSIKKQRIISHKKTI
Sequence_32,0.021828507026264,RIHKWNIIHSNKKTIR
Sequence_33,0.0767721498703296,HISIKKTVSSKKKII
Sequence_34,0.0552828460975771,TSIHKKMHIISQKKTNR
Sequence_35,0.0637580858141366,VSNHKKMIIISQKKTIR
Sequence_36,0.0463624192101161,VIIHKKMLIHTQKKTIRS
Sequence_37,0.1091715237783941,SINIKKGVSSKKKTIQ
Sequence_38,0.0398597153605636,MRSIWKKMAIISQKKTQ
Sequence_39,0.0413111450587244,GFNIWKIRRIISQKKTMQ
Sequence_40,0.037520335298809,TSIHKKRIISQKKMIR
Sequence_41,0.0686019112703172,GIKIKKTLSSKKKTIH
Sequence_42,0.0382919599504801,TNIWKKQAISQKKTIR
Sequence_43,0.0672521319715081,SIHKKMKIVSQKKTIN
Sequence_44,0.0359101613700394,VIINKKPTIHSQKKKTRR
Sequence_45,0.0360524460128132,NSIKKLRIISHKKTIVS
Sequence_46,0.0232792641856396,VSIHKKMRIISQKKTIR
Sequence_47,0.0499772203605896,IHKKIIIISQKTIRR
Sequence_48,0.0408676904420706,QIHKKIIIIQKKTQR
Sequence_49,0.0710780212389512,TVIHKKMIIIQKKTIRT
Sequence_50,0.0394118055124895,ISIKKTRSISHKKTIH
