ID,Sequence,Category
Sequence_2,ISIKKTVSSKKKTIH,ABP
Sequence_5,RIHKWNIIISKKKTIR,ABP
Sequence_6,NNIWKIRRIISQKKTIQ,ABP
Sequence_7,INNIWKKRIISQKKTIQ,ABP
Sequence_9,TIIIKKRINSIKKNIW,ABP
Sequence_11,RIHKKIIIISQKKTIR,ABP
Sequence_13,INIKKTVSSKKKTII,ABP
Sequence_14,VIIHKKIIHKQKKTIR,ABP
Sequence_15,TIIHKKRIISIKKNIR,ABP
Sequence_18,INIKKTVSSKKKIII,ABP
Sequence_20,YIKKILSIIRQKKTQ,ABP
Sequence_22,ISIKKTLSIIRQKKTH,ABP
Sequence_29,SIIHKKMLIHYQKKTIRV,ABP
Sequence_33,HISIKKTVSSKKKII,ABP
Sequence_37,SINIKKGVSSKKKTIQ,ABP
Sequence_41,GIKIKKTLSSKKKTIH,ABP
Sequence_42,TNIWKKQAISQKKTIR,ABP
Sequence_45,NSIKKLRIISHKKTIVS,ABP
Sequence_47,IHKKIIIISQKTIRR,ABP
Sequence_48,QIHKKIIIIQKKTQR,ABP
