SeqID,Prediction_Class,Prediction_Probability,Sequence
Sequence_1,Non-AMP,0.0204,TNIWKKMIIISQKKTIR
Sequence_2,Non-AMP,0.0062,ISIKKTVSSKKKTIH
Sequence_3,Non-AMP,0.0009,TSIHKKMIIISQKKTIR
Sequence_4,Non-AMP,0.0069,NSIKKTLRIIHQKKTQ
Sequence_5,Non-AMP,0.0369,RIHKWNIIISKKKTIR
Sequence_6,Non-AMP,0.0043,NNIWKIRRIISQKKTIQ
Sequence_7,Non-AMP,0.3092,INNIWKKRIISQKKTIQ
Sequence_8,Non-AMP,0.0026,VIIHKKMLIHSQKKTIR
Sequence_9,AMP,0.7515,TIIIKKRINSIKKNIW
Sequence_10,Non-AMP,0.001,RSIAKKMLIISQKKTQ
Sequence_11,Non-AMP,0.0025,RIHKKIIIISQKKTIR
Sequence_12,Non-AMP,0.0046,INKIAKIRIISQKKTIQ
Sequence_13,Non-AMP,0.0167,INIKKTVSSKKKTII
Sequence_14,AMP,0.9322,VIIHKKIIHKQKKTIR
Sequence_15,Non-AMP,0.0532,TIIHKKRIISIKKNIR
Sequence_16,Non-AMP,0.0021,NNIWKKMRIISQKKTIQ
Sequence_17,Non-AMP,0.002,NSIKKTRIISHKKTIV
Sequence_18,Non-AMP,0.0055,INIKKTVSSKKKIII
Sequence_19,Non-AMP,0.0003,NSIQKKMRIISQKKTIQ
Sequence_20,AMP,0.6311,YIKKILSIIRQKKTQ
Sequence_21,Non-AMP,0.4915,VIIFKKMTIHSQKKTIRR
Sequence_22,Non-AMP,0.028,ISIKKTLSIIRQKKTH
Sequence_23,Non-AMP,0.0008,SIHKKMRIISQKKTIQ
Sequence_24,Non-AMP,0.0146,NSIKKTLSIIRQKKTQ
Sequence_25,Non-AMP,0.0091,TNIFKKMTIISQKKTIRR
Sequence_26,Non-AMP,0.0024,IRSGAKKMLIISQKKTQ
Sequence_27,Non-AMP,0.0022,TIIHKKRIISQKKNIN
Sequence_28,Non-AMP,0.0008,NSIQKKMRISSMKKTVQ
Sequence_29,Non-AMP,0.0017,SIIHKKMLIHYQKKTIRV
Sequence_30,Non-AMP,0.0017,INIKKTVVSKKKITIM
Sequence_31,Non-AMP,0.0014,NSIKKQRIISHKKTI
Sequence_32,Non-AMP,0.0066,RIHKWNIIHSNKKTIR
Sequence_33,Non-AMP,0.005,HISIKKTVSSKKKII
Sequence_34,Non-AMP,0.0103,TSIHKKMHIISQKKTNR
Sequence_35,Non-AMP,0.0015,VSNHKKMIIISQKKTIR
Sequence_36,Non-AMP,0.0772,VIIHKKMLIHTQKKTIRS
Sequence_37,Non-AMP,0.0015,SINIKKGVSSKKKTIQ
Sequence_38,Non-AMP,0.0523,MRSIWKKMAIISQKKTQ
Sequence_39,Non-AMP,0.1523,GFNIWKIRRIISQKKTMQ
Sequence_40,Non-AMP,0.0031,TSIHKKRIISQKKMIR
Sequence_41,Non-AMP,0.0872,GIKIKKTLSSKKKTIH
Sequence_42,Non-AMP,0.4461,TNIWKKQAISQKKTIR
Sequence_43,Non-AMP,0.0027,SIHKKMKIVSQKKTIN
Sequence_44,AMP,0.7025,VIINKKPTIHSQKKKTRR
Sequence_45,Non-AMP,0.0009,NSIKKLRIISHKKTIVS
Sequence_46,Non-AMP,0.0028,VSIHKKMRIISQKKTIR
Sequence_47,Non-AMP,0.0038,IHKKIIIISQKTIRR
Sequence_48,Non-AMP,0.0157,QIHKKIIIIQKKTQR
Sequence_49,Non-AMP,0.0022,TVIHKKMIIIQKKTIRT
Sequence_50,Non-AMP,0.0096,ISIKKTRSISHKKTIH
