samples,sources,rewards,rewards_final,template,amp,stability,PPO
RMKMMKSHMSRMSR,samples_tokswap_buffer,7.5549645,7.5549645,0.0,7.6076927,-0.052727956,0.55320704
TMRYSRKSVVSKVSR,samples_tokswap_buffer,7.2606974,7.2606974,0.0,7.311585,-0.050887704,0.22697163
GRSPSRKSVVSKVMR,samples_tokswap_buffer,7.204283,7.204283,0.0,7.250099,-0.045815807,0.07103271
IMRYHRKSMVSKVSR,samples_tokswap_buffer,7.1620817,7.1620817,0.0,7.3597665,-0.19768491,0.16559462
YRSYSRKSVVSKVMR,samples_tokswap_buffer,6.8705397,6.8705397,0.0,6.9231753,-0.052635606,0.5822313
MTMRYSRKSHVSKVSR,samples_tokswap_buffer,6.8355246,6.8355246,0.0,6.877186,-0.04166123,0.3251806
MSRYPSRKSHMSKMSR,samples_tokswap_buffer,6.835394,6.835394,0.0,7.039646,-0.20425223,-0.21310446
TMRYGRKTMVSKVSR,samples_tokswap_buffer,6.719072,6.719072,0.0,6.7716284,-0.0525567,-0.6805368
RYKMVKSHMSKMSR,samples_tokswap_buffer,6.6570687,6.6570687,0.0,7.0072913,-0.35022244,-0.19546767
RYPRMKSMMSKTSR,samples_tokswap_buffer,6.637886,6.637886,0.0,6.6891565,-0.05127067,1.7264833
SRYPSRKSQMSKMSR,samples_tokswap_buffer,6.6240225,6.6240225,0.0,6.6699705,-0.04594783,-0.068646155
TRYMRKTMVSKVSR,samples_tokswap_buffer,6.592466,6.592466,0.0,6.646286,-0.05382008,-0.24173455
RRSIRMQAMMSTSRR,samples_tokswap_buffer,6.5922503,6.5922503,0.0,6.6397777,-0.04752727,0.17098737
TMRYVRKQVVSKVSR,samples_tokswap_buffer,6.587447,6.587447,0.0,6.7759094,-0.18846229,-0.06406289
TRYSRKSVVSKVMR,samples_tokswap_buffer,6.582815,6.582815,0.0,6.63279,-0.049975153,0.014790449
RYPSRKSHMSKMSR,samples_tokswap_buffer,6.574703,6.574703,0.0,6.910112,-0.33540854,1.5781368
MRTSRKSVLSKVSR,samples_tokswap_buffer,6.561825,6.561825,0.0,6.747478,-0.18565343,0.667617
RYMSRKSQSKMSR,samples_tokswap_buffer,6.5593405,6.5593405,0.0,6.6133337,-0.053993028,0.5173441
KMRYGRKGMVQKVSR,samples_tokswap_buffer,6.5448723,6.5448723,0.0,6.863763,-0.3188906,0.06684048
IRRPSRKSHMSKMSR,samples_tokswap_buffer,6.5316114,6.5316114,0.0,6.585427,-0.053815573,0.3399387
MSRYGSRKSHMVKMQR,samples_tokswap_buffer,6.520462,6.520462,0.0,6.5645647,-0.044102468,0.40187496
QRRSIRMQAMMNSSRR,samples_tokswap_buffer,6.4494696,6.4494696,0.0,6.501957,-0.052487563,0.94189894
RYWRMKSMMSKTSR,samples_tokswap_buffer,6.4469767,6.4469767,0.0,7.040511,-0.59353465,-0.15198869
TKRYSSKSVVSKVSRR,samples_tokswap_buffer,6.4456,6.4456,0.0,6.490362,-0.044762295,0.8259776
TMRSVRKQAVSKVSR,samples_tokswap_buffer,6.444433,6.444433,0.0,6.626069,-0.18163572,0.42706907
NPMRYSRKSVFSKVSR,samples_tokswap_buffer,6.4441557,6.4441557,0.0,6.6252856,-0.18113008,0.9531854
RYPSRKVMSKGSR,samples_tokswap_buffer,6.442418,6.442418,0.0,6.8802257,-0.4378077,-0.034388006
TMSRYPSRKVHMSKYSR,samples_tokswap_buffer,6.4087787,6.4087787,0.0,6.46167,-0.052891146,1.9692106
MRRSIRMQAMMSKTSR,samples_tokswap_buffer,6.402594,6.402594,0.0,6.7146792,-0.31208494,0.5342999
MRYSRKSAVGKVSR,samples_tokswap_buffer,6.4011264,6.4011264,0.0,6.4376464,-0.03652012,0.2851306
ARYPSRKSHMSKVSR,samples_tokswap_buffer,6.3953395,6.3953395,0.0,6.448172,-0.052832402,-0.13132015
MRRGIRMQMMMSKTQR,samples_tokswap_buffer,6.388822,6.388822,0.0,6.4299393,-0.04111725,-0.122399144
MRQSRKSVVGKVSR,samples_tokswap_buffer,6.3843846,6.3843846,0.0,6.4196687,-0.035283815,0.14275354
SRYPSRKSQVYKMSR,samples_tokswap_buffer,6.376456,6.376456,0.0,6.426402,-0.04994645,2.8981528
RYMSMKRQSKMMR,samples_tokswap_buffer,6.3749614,6.3749614,0.0,6.7511516,-0.3761904,0.23671877
YRSGSRKSVVRKVR,samples_tokswap_buffer,6.3701425,6.3701425,0.0,6.5605206,-0.19037841,0.57300144
RRSIRQYMMSSRR,samples_tokswap_buffer,6.3593745,6.3593745,0.0,6.717421,-0.3580465,0.14752766
VRYKMVKSHMSKMR,samples_tokswap_buffer,6.358093,6.358093,0.0,6.8231177,-0.465025,1.6711518
MRTSRKSVASKVSR,samples_tokswap_buffer,6.357142,6.357142,0.0,6.6781216,-0.32097962,-0.04928854
VTMRYSRKSIVSKVSRS,samples_tokswap_buffer,6.3553905,6.3553905,0.0,6.402223,-0.0468325,6.016674
RQSRKSVPSKVSR,samples_tokswap_buffer,6.3447204,6.3447204,0.0,6.389088,-0.044367705,0.51006657
RYKMVKSRMSNMNR,samples_tokswap_buffer,6.3351088,6.3351088,0.0,6.682475,-0.34736624,0.9102299
KSRYPSLKSQMSKMSRR,samples_tokswap_buffer,6.317228,6.317228,0.0,6.3663354,-0.049107324,-0.095163785
PMSRYPSRKRHMSMSR,samples_tokswap_buffer,6.314632,6.314632,0.0,6.3689203,-0.05428821,2.1524148
RYPVHKSMMSKKSR,samples_tokswap_buffer,6.3062787,6.3062787,0.0,6.363609,-0.05733011,0.19642279
TMRNVRKQVHSKVSR,samples_tokswap_buffer,6.305389,6.305389,0.0,6.4965196,-0.19113053,0.9940671
YRSYRSSVVSKKMR,samples_tokswap_buffer,6.2959332,6.2959332,0.0,6.641624,-0.34569064,0.72604996
IMRAHRASMVKKVSR,samples_tokswap_buffer,6.288239,6.288239,0.0,6.341515,-0.05327583,1.3028959
RKMVRSHMSKMSRQ,samples_tokswap_buffer,6.282712,6.282712,0.0,6.491677,-0.20896487,0.5595856
IRYGVRKSMHMTKTSR,samples_tokswap_buffer,6.275525,6.275525,0.0,6.3319697,-0.05644488,1.2494912
