N°,Sequência de Aminoácidos,DBAMP,AI4AMP,AMP Scanner,AMPIR
1,RMKMMKSHMSRMSR,Negativo,Negativo (0.43),Negativo (0.42),Negativo (0.04)
2,TMRYSRKSVVSKVSR,Negativo,Positivo (0.95),Positivo (0.98),Negativo (0.04)
3,GRSPSRKSVVSKVMR,Negativo,Positivo (0.91),Positivo (0.97),Negativo (0.04)
4,IMRYHRKSMVSKVSR,Negativo,Positivo (0.92),Negativo (0.33),Negativo (0.04)
5,YRSYSRKSVVSKVMR,Negativo,Positivo (0.74),Positivo (0.96),Negativo (0.04)
6,MTMRYSRKSHVSKVSR,Negativo,Negativo (0.49),Positivo (0.82),Negativo (0.03)
7,MSRYPSRKSHMSKMSR,Negativo,Negativo (0.46),Positivo (0.64),Negativo (0.04)
8,TMRYGRKTMVSKVSR,Negativo,Positivo (0.95),Positivo (0.72),Negativo (0.04)
9,RYKMVKSHMSKMSR,Negativo,Positivo (0.71),Positivo (0.78),Negativo (0.04)
10,RYPRMKSMMSKTSR,Negativo,Positivo (0.88),Positivo (0.82),Negativo (0.04)
11,SRYPSRKSQMSKMSR,Negativo,Positivo (0.57),Negativo (0.48),Negativo (0.04)
12,TRYMRKTMVSKVSR,Negativo,Positivo (0.97),Negativo (0.37),Negativo (0.04)
13,RRSIRMQAMMSTSRR,Negativo,Positivo (0.94),Negativo (0.08),Negativo (0.04)
14,TMRYVRKQVVSKVSR,Negativo,Positivo (0.99),Positivo (0.85),Negativo (0.04)
15,TRYSRKSVVSKVMR,Negativo,Positivo (0.94),Positivo (0.95),Negativo (0.04)
16,RYPSRKSHMSKMSR,Negativo,Positivo (0.72),Positivo (0.89),Negativo (0.04)
17,MRTSRKSVLSKVSR,Negativo,Positivo (0.94),Positivo (0.99),Negativo (0.04)
18,RYMSRKSQSKMSR,Negativo,Positivo (0.91),Negativo (0.07),Negativo (0.04)
19,IRRPSRKSHMSKMSR,Negativo,Positivo (0.76),Positivo (0.84),Negativo (0.04)
20,MSRYGSRKSHMVKMQR,Negativo,Negativo (0.23),Positivo (0.87),Negativo (0.04)
21,QRRSIRMQAMMNSSRR,Negativo,Negativo (0.44),Negativo (0.07),Negativo (0.03)
22,RYWRMKSMMSKTSR,Negativo,Negativo (0.44),Positivo (0.85),Negativo (0.03)
23,TKRYSSKSVVSKVSRR,Positivo,Positivo (0.91),Positivo (0.86),Negativo (0.04)
24,TMRSVRKQAVSKVSR,Negativo,Positivo (0.96),Negativo (0.38),Negativo (0.04)
25,NPMRYSRKSVFSKVSR,Negativo,Positivo (0.95),Positivo (0.98),Negativo (0.04)
26,RYPSRKVMSKGSR,Negativo,Positivo (0.98),Positivo (0.55),Negativo (0.04)
27,TMSRYPSRKVHMSKYSR,Negativo,Negativo (0.41),Negativo (0.37),Negativo (0.03)
28,MRRSIRMQAMMSKTSR,Negativo,Negativo (0.48),Negativo (0.06),Negativo (0.03)
29,MRYSRKSAVGKVSR,Negativo,Positivo (0.95),Positivo (0.96),Negativo (0.04)
30,ARYPSRKSHMSKVSR,Negativo,Positivo (0.85),Positivo (0.90),Negativo (0.03)
31,MRRGIRMQMMMSKTQR,Negativo,Negativo (0.06),Negativo (0.06),Negativo (0.03)
32,MRQSRKSVVGKVSR,Negativo,Positivo (0.94),Positivo (0.88),Negativo (0.04)
33,SRYPSRKSQVYKMSR,Negativo,Positivo (0.75),Positivo (0.65),Negativo (0.04)
34,RYMSMKRQSKMMR,Negativo,Positivo (0.54),Negativo (0.27),Negativo (0.04)
35,YRSGSRKSVVRKVR,Positivo,Positivo (0.87),Positivo (0.99),Negativo (0.04)
36,RRSIRQYMMSSRR,Negativo,Positivo (0.76),Negativo (0.19),Negativo (0.04)
37,VRYKMVKSHMSKMR,Negativo,Negativo (0.43),Negativo (0.40),Negativo (0.04)
38,MRTSRKSVASKVSR,Negativo,Positivo (0.89),Positivo (0.97),Negativo (0.04)
39,VTMRYSRKSIVSKVSRS,Negativo,Positivo (0.89),Negativo (0.25),Negativo (0.04)
40,RQSRKSVPSKVSR,Negativo,Positivo (0.73),Positivo (0.69),Negativo (0.04)
41,RYKMVKSRMSNMNR,Negativo,Negativo (0.36),Positivo (0.56),Negativo (0.04)
42,KSRYPSLKSQMSKMSRR,Negativo,Positivo (0.93),Negativo (0.06),Negativo (0.01)
43,PMSRYPSRKRHMSMSR,Negativo,Positivo (0.81),Negativo (0.40),Negativo (0.03)
44,RYPVHKSMMSKKSR,Negativo,Positivo (0.91),Negativo (0.28),Negativo (0.04)
45,TMRNVRKQVHSKVSR,Negativo,Positivo (0.93),Positivo (0.73),Negativo (0.04)
46,YRSYRSSVVSKKMR,Negativo,Negativo (0.32),Negativo (0.29),Negativo (0.03)
47,IMRAHRASMVKKVSR,Negativo,Positivo (0.98),Positivo (0.69),Negativo (0.04)
48,RKMVRSHMSKMSRQ,Negativo,Positivo (0.91),Negativo (0.34),Negativo (0.04)
49,IRYGVRKSMHMTKTSR,Negativo,Positivo (0.78),Negativo (0.44),Negativo (0.04)
