N°,Sequência de Aminoácidos,Predição de Hemólise,Predição de Toxicidade
1,RMKMMKSHMSRMSR,Não-Hemolítico,Não-Tóxico
2,TMRYSRKSVVSKVSR,Não-Hemolítico,Não-Tóxico
3,GRSPSRKSVVSKVMR,Não-Hemolítico,Não-Tóxico
4,IMRYHRKSMVSKVSR,Não-Hemolítico,Não-Tóxico
5,YRSYSRKSVVSKVMR,Não-Hemolítico,Não-Tóxico
6,MTMRYSRKSHVSKVSR,Não-Hemolítico,Não-Tóxico
7,MSRYPSRKSHMSKMSR,Não-Hemolítico,Não-Tóxico
8,TMRYGRKTMVSKVSR,Não-Hemolítico,Não-Tóxico
9,RYKMVKSHMSKMSR,Não-Hemolítico,Não-Tóxico
10,RYPRMKSMMSKTSR,Não-Hemolítico,Não-Tóxico
11,SRYPSRKSQMSKMSR,Não-Hemolítico,Não-Tóxico
12,TRYMRKTMVSKVSR,Não-Hemolítico,Não-Tóxico
13,RRSIRMQAMMSTSRR,Não-Hemolítico,Não-Tóxico
14,TMRYVRKQVVSKVSR,Não-Hemolítico,Não-Tóxico
15,TRYSRKSVVSKVMR,Não-Hemolítico,Não-Tóxico
16,RYPSRKSHMSKMSR,Não-Hemolítico,Não-Tóxico
17,MRTSRKSVLSKVSR,Não-Hemolítico,Não-Tóxico
18,RYMSRKSQSKMSR,Não-Hemolítico,Não-Tóxico
19,KMRYGRKGMVQKVSR,Hemolítico,Não-Tóxico
20,IRRPSRKSHMSKMSR,Não-Hemolítico,Não-Tóxico
21,MSRYGSRKSHMVKMQR,Não-Hemolítico,Não-Tóxico
22,QRRSIRMQAMMNSSRR,Não-Hemolítico,Não-Tóxico
23,RYWRMKSMMSKTSR,Não-Hemolítico,Não-Tóxico
24,TKRYSSKSVVSKVSRR,Não-Hemolítico,Não-Tóxico
25,TMRSVRKQAVSKVSR,Não-Hemolítico,Não-Tóxico
26,NPMRYSRKSVFSKVSR,Não-Hemolítico,Não-Tóxico
27,RYPSRKVMSKGSR,Não-Hemolítico,Não-Tóxico
28,TMSRYPSRKVHMSKYSR,Não-Hemolítico,Não-Tóxico
29,MRRSIRMQAMMSKTSR,Não-Hemolítico,Não-Tóxico
30,MRYSRKSAVGKVSR,Não-Hemolítico,Não-Tóxico
31,ARYPSRKSHMSKVSR,Não-Hemolítico,Não-Tóxico
32,MRRGIRMQMMMSKTQR,Não-Hemolítico,Não-Tóxico
33,MRQSRKSVVGKVSR,Não-Hemolítico,Não-Tóxico
34,SRYPSRKSQVYKMSR,Não-Hemolítico,Não-Tóxico
35,RYMSMKRQSKMMR,Não-Hemolítico,Não-Tóxico
36,YRSGSRKSVVRKVR,Não-Hemolítico,Não-Tóxico
37,RRSIRQYMMSSRR,Não-Hemolítico,Não-Tóxico
38,VRYKMVKSHMSKMR,Não-Hemolítico,Não-Tóxico
39,MRTSRKSVASKVSR,Não-Hemolítico,Não-Tóxico
40,VTMRYSRKSIVSKVSRS,Não-Hemolítico,Não-Tóxico
41,RQSRKSVPSKVSR,Não-Hemolítico,Não-Tóxico
42,RYKMVKSRMSNMNR,Não-Hemolítico,Não-Tóxico
43,KSRYPSLKSQMSKMSRR,Não-Hemolítico,Não-Tóxico
44,PMSRYPSRKRHMSMSR,Não-Hemolítico,Não-Tóxico
45,RYPVHKSMMSKKSR,Não-Hemolítico,Não-Tóxico
46,TMRNVRKQVHSKVSR,Não-Hemolítico,Não-Tóxico
47,YRSYRSSVVSKKMR,Não-Hemolítico,Não-Tóxico
48,IMRAHRASMVKKVSR,Não-Hemolítico,Não-Tóxico
49,RKMVRSHMSKMSRQ,Não-Hemolítico,Não-Tóxico
50,IRYGVRKSMHMTKTSR,Não-Hemolítico,Não-Tóxico
